"id","nameCht","namePor"
1002,"大樓斜巷","Travessa do Abreu"
1003,"荷蘭園二馬路 / 亞卑寮奴你士街","Rua de Abreu Nunes"
1004,"吳家圍","Pátio do Abridor"
1005,"吉慶二圍","Pátio do Adem"
1006,"卜圍","Pátio da Adivinhação"
1007,"羅利老馬路","Estrada de Adolfo Loureiro"
1008,"羅利老台","Pátio de Adolfo Loureiro"
1009,"蠔殼里 / 蠔殼圍","Beco da Adufa"
1010,"亞豐素雅布基街 / 亞豐素街","Rua de Afonso de Albuquerque"
1011,"亞豐素雅布基圍 / 亞豐素圍","Pátio de Afonso de Albuquerque"
1012,"順成街","Rua da Águia"
1013,"順成圍 / 順成里","Pátio da Águia"
1014,"銀針里","Beco da Agulha"
1015,"水手東街","Rua das Alabardas"
1016,"惠愛街","Rua da Alegria"
1017,"惠愛里","Beco da Alegria"
1018,"大和街 / 大和斜巷","Rua da Aleluia"
1019,"何林圍 / 何林里","Pátio de Além-Bosque"
1020,"小新巷","Travessa dos Alfaiates"
1021,"紅窗門街","Rua da Alfândega"
1022,"高地里 / 高地圍","Beco da Alfândega"
1023,"大頭針圍 / 大頭針里","Pátio do Alfinete"
1024,"高尾巷 / 高尾街","Travessa dos Algibebes"
1025,"亞美打利庇盧大馬路 / 新馬路","Avenida de Almeida Ribeiro"
1026,"亞美打利庇盧里 / 亞美打利庇盧圍","Beco de Almeida Ribeiro"
1027,"賈伯樂提督街 / 提督街","Rua do Almirante Costa Cabral"
1028,"賈伯樂提督巷","Travessa do Almirante Costa Cabral"
1029,"賈伯樂提督里","Beco do Almirante Costa Cabral"
1030,"罅些喇提督大馬路 / 提督馬路","Avenida do Almirante Lacerda"
1031,"罅些喇海軍上將巷","Travessa do Almirante Lacerda"
1032,"高利亞海軍上將大馬路","Avenida do Almirante Magalhães Correia"
1033,"河邊新街","Rua do Almirante Sérgio"
1034,"河邊新巷","Travessa do Almirante Sérgio"
1035,"賣魚巷","Travessa do Alpendre"
1036,"咩路馬揸度街","Rua de Álvaro de Melo Machado"
1037,"羅沙達街","Rua de Alves Roçadas"
1039,"葉家圍","Pátio da Ameaça"
1040,"友誼大馬路","Avenida da Amizade"
1041,"顯榮圍 / 顯榮里","Pátio do Amparo"
1042,"大關斜巷","Calçada do Amparo"
1043,"船錨里 / 船錨巷","Beco da Âncora "
1044,"天神巷","Travessa dos Anjos"
1045,"天神里 / 打鐵圍","Beco dos Anjos"
1046,"巴士度街","Rua de António Basto"
1047,"龍頭左巷","Travessa de António da Silva"
1048,"魚釣里","Beco dos Anzóis"
1049,"亞堅奴前地","Largo do Aquino"
1050,"拱形馬路 / 關閘橫路","Estrada do Arco"
1052,"廣富圍 / 廣富里","Pátio do Arco"
1053,"黑沙環馬路","Estrada da Areia Preta"
1054,"黑沙環街","Rua da Areia Preta"
1055,"黑沙環巷","Travessa da Areia Preta"
1056,"爛鬼樓巷 / 爛鬼樓新街 / 爛鬼樓","Travessa do Armazém Velho"
1057,"貨倉街","Rua dos Armazéns"
1058,"貨倉巷","Travessa dos Armazéns"
1059,"仁安里","Beco da Arruda"
1060,"炮兵街","Rua dos Artilheiros"
1061,"炮兵巷","Travessa dos Artilheiros"
1062,"炮兵里","Beco dos Artilheiros"
1063,"炮兵馬路","Caminho dos Artilheiros"
1064,"巴波沙大馬路","Avenida de Artur Tamagnini Barbosa"
1066,"樹木巷","Travessa da Árvore"
1067,"灰爐石級","Escada da Árvore"
1068,"沙井天巷","Travessa da Assunção"
1069,"阿宋生里","Beco da Assunção"
1070,"阿宋生圍","Pátio da Assunção"
1071,"趙家里 / 趙家圍","Beco do Atai"
1072,"填地圍 / 福壽里","Pátio do Aterro"
1073,"新填巷","Travessa do Aterro Novo"
1074,"清平巷 / 清平新街 / 清平直街","Travessa do Auto Novo"
1077,"咸蝦巷","Travessa do Balachão"
1078,"咸蝦里 / 咸蝦圍","Beco do Balachão"
1079,"咸蝦圍 / 咸蝦里","Pátio do Balachão"
1080,"永樂里","Beco da Balsa"
1081,"永安息巷","Travessa do Bálsamo"
1082,"竹里 / 竹圍 / 海田圍","Beco do Bambu"
1083,"善慶圍","Pátio do Banco"
1084,"三層樓上街","Rua do Barão"
1085,"剪髮匠巷","Travessa do Barbeiro"
1086,"渡船街","Rua da Barca"
1087,"渡船巷","Travessa da Barca"
1088,"渡船台","Pátio da Barca"
1089,"柴船尾街","Rua da Barca da Lenha"
1090,"媽閣街","Rua da Barra"
1091,"媽閣巷","Travessa da Barra"
1092,"媽閣里","Beco da Barra"
1093,"媽閣台","Pátio da Barra"
1094,"媽閣斜巷 / 萬里長城","Calçada da Barra"
1095,"媽閣斜坡","Rampa da Barra"
1096,"銅鑼圍 / 居仁里","Pátio da Bátega"
1097,"新市巷","Travessa do Bazar Novo"
1098,"水手西街","Rua do Bazarinho"
1099,"吉慶巷 / 吉慶里","Travessa dos Becos"
1100,"新雅馬路","Estrada da Bela Vista"
1102,"主教巷","Travessa do Bispo"
1103,"燕主教街","Rua do Bispo Enes"
1104,"美的路主教街","Rua do Bispo Medeiros"
1105,"沙井地巷","Travessa da Boa Morte"
1106,"沙井地圍","Pátio da Boa Morte"
1107,"竹室正街","Rua da Boa Vista"
1108,"景觀里 / 見眼圍","Beco da Boa Vista"
1109,"竹室圍","Pátio da Boa Vista"
1110,"蓬萊新街","Rua do Bocage"
1111,"山水園巷 / 山水園斜巷","Travessa do Bom Jesus"
1112,"高樓斜巷 / 高樓上巷","Calçada do Bom Jesus"
1113,"灰爐斜巷","Calçada do Bom Parto"
1114,"消防隊巷","Travessa dos Bombeiros"
1115,"南巫圍","Pátio do Bonzo"
1116,"鈕里","Beco do Botão"
1117,"寶德街","Rua do Botelho"
1118,"花王堂巷","Travessa do Botelho"
1119,"花王堂斜巷 / 沙欄仔斜路","Calçada do Botelho"
1120,"巴冷登街","Rua do Brandão"
1121,"羅白沙街","Rua de Brás da Rosa"
1122,"蛤巷","Travessa do Búzio"
1124,"草地圍","Pátio da Cabaia"
1125,"高園里 / 高園圍","Beco da Cacatua"
1126,"海邊馬路 / 劏狗環","Estrada de Cacilhas"
1127,"天通里 / 天通圍","Beco da Cadeia"
1128,"三巴仔圍","Pátio da Cadeira"
1129,"水字巷","Travessa do Cais"
1130,"鍾家里 / 鍾家圍","Beco das Caixas"
1131,"白灰街","Rua da Cal"
1132,"白灰里 / 白灰圍","Beco da Cal"
1133,"掙匠巷","Travessa dos Calafates"
1134,"家冷巷","Travessa do Calão"
1135,"白眼塘橫街 / 福隆下街","Rua da Caldeira"
1136,"蓬萊新巷","Travessa da Caldeira"
1137,"山蔴雀圍 / 人和里","Pátio das Calhandras"
1138,"庇山耶街 / 爐石塘","Rua de Camilo Pessanha"
1139,"水坑尾街","Rua do Campo"
1140,"生蔗里","Beco da Cana"
1141,"菜園涌街","Rua do Canal das Hortas"
1142,"菜園涌巷","Travessa do Canal das Hortas"
1143,"鴨涌巷","Travessa do Canal dos Patos"
1144,"永安圍","Pátio da Canja"
1145,"太平里 / 太平圍","Beco do Canto"
1146,"𠜎雞街","Rua do Capão"
1147,"𠜎雞巷","Travessa do Capão"
1148,"港務局巷","Travessa da Capitania dos Portos"
1149,"社福圍 / 社福里 / 吉祥里","Pátio da Capoeira"
1150,"田螺里","Beco do Caracol"
1151,"田螺石級","Escada do Caracol"
1152,"祿號里 / 祿號圍","Beco da Carapinha"
1153,"嘉路米耶圓形地 / 三盞燈","Rotunda de Carlos da Maia"
1154,"連丁里 / 連丁圍","Beco da Carpideira"
1155,"木匠圍 / 木匠巷","Pátio do Carpinteiro"
1156,"下環正街","Rua da Casa Forte"
1157,"下環圍","Pátio da Casa Forte"
1159,"騎士馬路","Estrada dos Cavaleiros"
1160,"興華街","Rua dos Cavaleiros"
1161,"馬子里 / 馬子圍","Beco dos Cavaleiros"
1162,"騎士圍","Pátio dos Cavaleiros"
1163,"馬交石斜坡 / 黑沙環斜路","Rampa dos Cavaleiros"
1164,"馬里","Beco do Cavalo"
1165,"鹽埠里 / 鹽埠圍 / 椰子巷","Beco do Cego"
1166,"西墳馬路","Estrada do Cemitério"
1167,"龍嵩正街","Rua Central"
1168,"聚龍舊社","Beco Central"
1169,"龍嵩台","Pátio Central"
1170,"瘋堂中斜巷","Calçada Central de S. Lázaro"
1171,"陳家里 / 陳家圍","Beco do Chá"
1172,"竹仔室斜巷","Calçada das Chácaras"
1173,"史山新里","Beco das Chagas"
1174,"陳樂街","Rua de Chan Loc"
1175,"陳樂巷","Travessa de Chan Loc"
1176,"陳樂圍 / 陳樂里","Pátio de Chan Loc"
1177,"俊秀巷","Travessa de Chôn Sau"
1178,"俊秀圍 / 俊秀里","Pátio de Chôn Sau"
1179,"燒灰爐街","Rua do Chunambeiro"
1181,"黑沙環第五街","Rua Cinco do Bairro da Areia Preta"
1182,"祐漢新村第五街","Rua Cinco do Bairro Iao Hon"
1185,"十月初五日街 / 泗𠵼街","Rua de Cinco de Outubro"
1186,"十月初五日巷","Travessa de Cinco de Outubro"
1187,"新維里","Beco do Cisne"
1188,"光復圍 / 光復里","Pátio da Claridade"
1189,"鵪鶉巷","Travessa da Codorniz"
1190,"連勝馬路","Estrada de Coelho do Amaral"
1191,"連勝街","Rua de Coelho do Amaral"
1192,"連勝巷","Travessa de Coelho do Amaral"
1193,"連勝圍","Beco de Coelho do Amaral"
1194,"連勝台","Pátio de Coelho do Amaral"
1195,"連興巷","Travessa do Colar"
1196,"扣鈕巷","Travessa do Colchete"
1197,"學校巷","Travessa do Colégio"
1198,"匙羹里","Beco da Colher"
1199,"崗陵街 / 荒字巷","Rua da Colina"
1200,"工匠街","Rua dos Colonos"
1201,"工匠巷","Travessa dos Colonos"
1202,"工匠里 / 沙欄仔圍","Beco dos Colonos"
1203,"俾若翰街 / 筷子基北街","Rua do Comandante João Belo"
1204,"馬統領街","Rua do Comandante Mata e Oliveira"
1205,"馬統領巷","Travessa do Comandante Mata e Oliveira"
1206,"高可寧紳士街","Rua do Comendador Kou Hó Neng"
1207,"老人院前地 / 花王堂高園","Largo da Companhia"
1208,"耶穌會紀念廣場","Largo da Companhia de Jesus"
1209,"昇平圍 / 昇平里","Pátio do Comprador"
1210,"海蛤里","Beco da Concha"
1211,"和樂大馬路","Avenida da Concórdia"
1212,"和樂街","Rua da Concórdia"
1213,"和樂圍","Pátio da Concórdia"
1214,"青洲大馬路 / 青洲新路","Avenida do Conselheiro Borja"
1215,"青洲街","Rua do Conselheiro Borja"
1216,"青洲新巷","Travessa do Conselheiro Borja"
1217,"肥利喇亞美打大馬路 / 荷蘭園大馬路 / 荷蘭園正街","Avenida do Conselheiro Ferreira de Almeida"
1218,"肥利喇亞美打巷","Travessa do Conselheiro Ferreira de Almeida"
1219,"肥利喇亞美打圍","Pátio do Conselheiro Ferreira de Almeida"
1220,"貢士旦甸奴街","Rua de Constantino Brito"
1221,"珊瑚里","Beco do Coral"
1222,"大纜巷","Travessa da Corda"
1223,"羔羊圍 / 永安圍","Pátio do Cordeiro"
1224,"纜廠巷 / 新埗頭橫街","Travessa da Cordoaria"
1225,"打纜圍","Pátio da Cordoaria"
1226,"打纜前地 / 打纜地","Largo da Cordoaria"
1227,"造繩巷","Travessa do Cordoeiro"
1228,"非利喇街","Rua do Coronel Ferreira"
1229,"美副將大馬路","Avenida do Coronel Mesquita"
1230,"美副將街","Rua do Coronel Mesquita"
1231,"美副將巷","Travessa do Coronel Mesquita"
1232,"美上校里","Beco do Coronel Mesquita"
1233,"美上校圍","Pátio do Coronel Mesquita"
1234,"競走者圍 / 騎樓里","Pátio do Corredor"
1235,"噶地利亞街","Rua de Corte Real"
1237,"手肘圍 / 德隆新街","Pátio do Cotovelo"
1238,"手肘里 / 左堂欄尾","Beco dos Cotovelos"
1239,"高樓里 / 船澳口","Beco dos Coulaus"
1240,"蔡記里","Beco do Craveiro"
1241,"丁香圍 / 中和里","Pátio do Cravo"
1242,"托兒所巷","Travessa de Creche"
1243,"天通街","Rua dos Cules"
1244,"轎夫巷","Travessa dos Cules"
1245,"苦力圍 / 聚龍里","Pátio dos Cules"
1246,"牧場街","Rua dos Currais"
1247,"短巷","Travessa Curta"
1248,"涼水街","Rua dos Curtidores"
1249,"涼水巷 / 芽菜巷","Travessa dos Curtidores"
1253,"高園街","Rua de D. Belchior Carneiro"
1254,"鮑公馬路","Estrada de D. João Paulino"
1255,"約翰四世大馬路","Avenida de D. João IV"
1256,"馬交石炮台馬路","Estrada de D. Maria II"
1257,"馬交石炮台斜坡","Rampa de D. Maria II"
1258,"連安後巷","Travessa de D. Quixote"
1259,"爹美刁施拿地大馬路 / 施拿地馬路","Avenida de Demétrio Cinatti"
1261,"煩懣圍 / 煩懣里","Pátio do Desgosto"
1268,"臘八街","Rua de Dezoito de Dezembro"
1269,"暗圍","Pátio da Dissimulação"
1270,"圓台街","Rua da Doca dos Holandeses"
1271,"船澳巷","Travessa das Docas"
1272,"黑沙環第二街","Rua Dois do Bairro da Areia Preta"
1273,"祐漢新村第二街","Rua Dois do Bairro Iao Hon"
1276,"華大新村第二街","Rua Dois do Bairro Vá Tai"
1277,"酒潭巷","Travessa da Dorna"
1279,"馬揸度博士大馬路","Avenida do Dr. Francisco Vieira Machado"
1280,"比厘喇馬忌士街","Rua do Dr. Lourenço Pereira Marques"
1281,"馬博士巷","Travessa do Dr. Lourenço Pereira Marques"
1282,"羅保博士街","Rua do Dr. Pedro José Lobo"
1283,"蘇沙醫生街","Rua do Dr. Ricardo de Sousa"
1284,"羅理基博士大馬路","Avenida do Dr. Rodrigo Rodrigues"
1285,"蘇雅利醫士街","Rua do Dr. Soares"
1286,"蟒里","Beco do Dragão"
1288,"馬忌士街","Rua de Eduardo Marques"
1289,"長樓斜巷","Calçada do Embaixador"
1290,"義字街","Rua da Emenda"
1291,"地厘古工程師馬路 / 松山馬路","Estrada do Engenheiro Trigo"
1292,"罣累巷","Travessa do Enleio"
1293,"同安街","Rua da Entena"
1294,"田畔街","Rua de Entre-Campos"
1295,"青草街","Rua da Erva"
1296,"青草里 / 青草圍","Beco da Erva"
1297,"關前正街","Rua dos Ervanários"
1298,"魚鱗巷","Travessa da Escama"
1299,"商業學校街","Rua da Escola Comercial"
1300,"內裡圍","Pátio das Escondidas"
1301,"東慶里","Beco Escuro"
1302,"菖蒲圍 / 慶樂里","Pátio da Espadana"
1303,"亞美打街","Rua de Espectação de Almeida"
1304,"厚望街","Rua da Esperança"
1305,"茨林圍","Pátio do Espinho"
1306,"轉角圍 / 大鵬橫巷","Pátio das Esquinas"
1307,"草堆街","Rua das Estalagens"
1308,"船廠街","Rua dos Estaleiros"
1309,"船廠巷","Travessa dos Estaleiros"
1310,"偶像圍","Pátio da Estátua"
1311,"草蓆巷","Travessa da Esteira"
1312,"草蓆圍 / 蓆里","Pátio da Esteira"
1313,"賣菜街","Rua da Estrela"
1314,"永福圍 / 永慶里","Pátio da Eterna Felicidade"
1315,"永聯台","Pátio da Eterna União"
1316,"水手斜巷","Calçada de Eugénio Gonçalves"
1318,"工廠街","Rua da Fábrica"
1319,"製造廠巷","Travessa da Fábrica"
1320,"刀里 / 昇發圍","Beco da Faca"
1321,"山雞巷","Travessa do Faisão"
1322,"快艇頭街 / 米街","Rua dos Faitiões"
1323,"快艇巷 / 永安中街","Travessa dos Faitiões"
1324,"快艇頭里","Beco dos Faitiões"
1325,"樂建斜巷","Calçada da Feitoria"
1326,"福隆新街","Rua da Felicidade"
1327,"福隆新巷 / 宜安街","Travessa da Felicidade"
1328,"福榮里","Beco da Felicidade"
1329,"福隆圍 / 清和里 / 虱乸街","Pátio da Felicidade"
1330,"飛能便度街","Rua de Fernão Mendes Pinto"
1331,"飛能便度里","Beco de Fernão Mendes Pinto"
1332,"飛能便度圍","Pátio de Fernão Mendes Pinto"
1333,"亞馬喇馬路","Estrada de Ferreira do Amaral"
1334,"東望洋街","Rua de Ferreira do Amaral"
1335,"亞馬喇前地","Praça de Ferreira do Amaral"
1336,"亞馬喇土腰 / 關閘馬路","Istmo de Ferreira do Amaral"
1337,"鐵匠里 / 鐵匠圍","Beco dos Ferreiros"
1338,"福慶街","Rua da Figueira"
1339,"高偉樂街","Rua Filipe O'Costa"
1340,"福隆街","Rua das Flores"
1341,"龍眼圍","Pátio das Flores"
1342,"爐巷","Travessa do Fogão"
1343,"金龍巷","Travessa do Fogo"
1344,"風爐匠巷","Travessa do Fogueiro"
1345,"二龍喉街","Rua da Fonte da Inveja"
1346,"美麗街","Rua Formosa"
1347,"望廈炮台斜坡","Rampa do Forte de Mong Há"
1348,"福華巷","Travessa da Fortuna"
1349,"幸運圍 / 福華里","Pátio da Fortuna"
1350,"安仿西街","Rua de Francisco António"
1351,"安仿西巷","Travessa de Francisco António"
1352,"三層樓斜巷","Calçada de Francisco António"
1353,"俾利喇街","Rua de Francisco Xavier Pereira"
1354,"俾利喇巷","Travessa de Francisco Xavier Pereira"
1355,"富運台","Pátio Fu Van"
1357,"草蜢巷","Travessa do Gafanhoto"
1358,"高甸玉街","Rua Gago Coutinho"
1359,"東望洋斜巷","Calçada do Gaio"
1360,"福隆里","Beco das Galinhas"
1361,"水雞巷","Travessa das Galinholas"
1362,"牡雞斜巷","Calçada do Galo"
1363,"夜呣街","Rua do Gamboa"
1364,"夜呣巷","Travessa do Gamboa"
1365,"夜呣里 / 深巷仔","Beco do Gamboa"
1366,"夜呣斜巷 / 崗頂斜路","Calçada do Gamboa"
1367,"鵝里 / 連安圍前巷","Beco do Ganso"
1368,"叉巷","Travessa do Garfo"
1369,"生雪巷","Travessa do Gelo"
1370,"白朗古將軍大馬路","Avenida do General Castelo Branco"
1371,"白朗古將軍街","Rua do General Castelo Branco"
1372,"嘉野度將軍街 / 將軍街","Rua do General Galhardo"
1373,"飛喇士街 / 筷子基南街","Rua do General Ivens Ferraz"
1374,"羅德禮將軍街","Rua do General Rodrigues"
1375,"千年利街","Rua George Chinnery"
1376,"志圍 / 志里","Pátio do Gil"
1377,"土庫圍","Pátio do Godão"
1378,"脂花巷","Travessa do Goivo"
1379,"施利化街 / 長安街","Rua de Gomes da Silva"
1380,"江沙路里 / 三角亭圍","Beco do Gonçalo"
1381,"柯維納總督街","Rua do Governador Albano de Oliveira"
1383,"魚鰓巷","Travessa da Guelra"
1385,"東望洋圍","Pátio da Guia"
1386,"東望洋斜坡","Rampa da Guia"
1387,"海邊新街","Rua do Guimarães"
1388,"福安街","Rua da Harmonia"
1389,"福安台","Pátio da Harmonia"
1390,"馬大臣街","Rua de Henrique de Macedo"
1391,"常春滕圍 / 永樂里","Pátio da Hera"
1392,"柯傳善堂圍 / 柯傳善堂里","Pátio de Hó Chin Sin Tong"
1393,"何光來巷","Travessa de Hó Cong Loi"
1394,"何老桂巷","Travessa de Hó Lo Quai"
1395,"雄發圍","Pátio de Hong Fat"
1396,"菜園圍 / 木字里","Pátio da Horta"
1397,"高士德大馬路","Avenida de Horta e Costa"
1398,"柯高街","Rua de Horta e Costa"
1399,"柯高圍","Pátio de Horta e Costa"
1400,"菜園街","Rua das Hortas"
1401,"菜園巷","Travessa das Hortas"
1402,"余敦善堂里 / 余敦善堂私家圍","Beco de Hu Ton Sin Tong"
1403,"公仔圍 / 公仔巷","Pátio do Ídolo"
1404,"瘋堂斜巷","Calçada da Igreja de S. Lázaro"
1405,"幻覺圍 /高樓里","Pátio da Ilusão"
1406,"官印局街","Rua da Imprensa Nacional"
1407,"鵝眉街","Rua de Inácio Baptista"
1408,"意那韶白的士打巷 / 鵝眉橫街","Travessa de Inácio Baptista"
1409,"意那素俾蘇亞街 / 蘇亞街","Rua de Inácio Pessoa"
1410,"賈那韶巷","Travessa de Inácio Sarmento de Carvalho"
1411,"皇子街 / 泗𠵼碼頭 ","Rua do Infante"
1412,"殷皇子大馬路","Avenida do Infante D. Henrique"
1413,"養樂圍","Pátio de Iong Loc"
1414,"草堆橫巷","Travessa das Janelas Verdes"
1415,"打鐵斜巷","Calçada do Januário"
1416,"花園圍 / 叢慶坊","Pátio do Jardim"
1417,"若翰亞美打街","Rua de João de Almeida"
1418,"大興街","Rua de João de Araújo"
1419,"李加祿街","Rua de João Lecaros"
1420,"區華利街","Rua de Jorge Álvares"
1421,"下環舊巷","Travessa dos Juncos"
1422,"化驗所街","Rua do Laboratório"
1423,"化驗所巷","Travessa do Laboratório"
1424,"石版里","Beco da Lage"
1425,"塘巷","Travessa do Lago"
1427,"林茂巷","Travessa de Lam Mau"
1428,"林德遠巷","Travessa de Lam Tac Un"
1429,"耕里 / 耕圍","Beco da Lavra"
1430,"兔巷","Travessa da Lebre"
1431,"李寶椿街","Rua de Lei Pou Ch'ôn"
1432,"黎地里","Beco do Leite"
1433,"龍安圍","Pátio da Lenha"
1434,"飛良韶街","Rua de Leôncio Ferreira"
1435,"何智英東圍","Pátio Leste de Hó Chi Ieng"
1436,"罅些喇提督市東街","Rua Leste do Mercado Almirante Lacerda"
1437,"公局新市東街","Rua Leste do Mercado de S. Domingos"
1438,"李道巷","Travessa do Lido"
1439,"亞婆井街","Rua do Lilau"
1440,"龍頭里 / 龍頭巷","Beco do Lilau"
1441,"亞婆井圍","Pátio do Lilau"
1442,"亞婆井斜巷","Calçada do Lilau"
1443,"蓮莖巷","Travessa dos Lírios"
1444,"蓮莖圍 / 蓮莖圍村","Pátio dos Lírios"
1445,"葡京路","Avenida de Lisboa"
1446,"羅飛勒前地 / 燒灰爐口","Praça de Lobo de Ávila"
1447,"長壽大馬路","Avenida da Longevidade"
1448,"賈羅布大馬路","Avenida de Lopo Sarmento de Carvalho"
1449,"火船頭街","Rua das Lorchas"
1450,"缸瓦巷","Travessa da Louça"
1452,"馬忌士圍 / 馬忌士里","Pátio de Lourenço Marques"
1453,"盧九街","Rua do Lu Cao"
1454,"白鴿巢前地","Praça de Luís de Camões"
1455,"高美士街","Rua de Luís Gonzaga Gomes"
1456,"路義士若翰巴地士打街","Rua de Luís João Baptista"
1457,"馬交石巷","Travessa de Má Káu Séak"
1458,"新埗頭街","Rua da Madeira"
1459,"爹利仙拿姑娘街","Rua da Madre Terezina"
1460,"洗衣匠圍 / 青雲里","Pátio do Mainato"
1461,"錦葵里 / 倒裝一圍","Beco da Malva"
1462,"大褸圍","Pátio do Manto"
1463,"亞利鴉架街","Rua de Manuel de Arriaga"
1464,"畢仕達大馬路","Avenida de Marciano Baptista"
1466,"黑沙環海邊馬路","Estrada Marginal da Areia Preta"
1467,"青洲河邊馬路","Estrada Marginal da Ilha Verde"
1468,"菜園涌邊街","Rua Marginal do Canal das Hortas"
1470,"馬場海邊馬路","Estrada Marginal do Hipódromo"
1471,"盧善德巷 / 福德街","Travessa de Maria Lucinda"
1472,"水手里 / 媽閣第二巷","Beco do Marinheiro"
1473,"柯利維喇街","Rua de Marques de Oliveira"
1474,"柯利維喇里 / 柯利維喇圍","Beco de Marques de Oliveira"
1475,"墨山街","Rua de Martinho Montenegro"
1476,"墨山巷","Travessa de Martinho Montenegro"
1477,"爐石塘巷","Travessa do Mastro"
1478,"清平街","Travessa do Matadouro"
1479,"桔仔街","Rua do Matapau"
1480,"桔仔巷","Travessa do Matapau"
1481,"桔仔里 / 桔仔圍","Beco do Matapau"
1482,"太和巷","Travessa do Mata-Tigre"
1483,"大廟腳巷","Travessa do Meio"
1484,"西瓜里 / 果欄橫街","Beco da Melancia"
1485,"門官圍","Pátio do Mercado"
1486,"美基內市場圍 / 味機市","Pátio do Mercado Interior de Miguel Aires"
1487,"公局市場巷 / 公局市橫巷 / 公局市橫街","Travessa do Mercado Municipal"
1488,"公局市前地","Largo do Mercado Municipal"
1489,"大街 / 營地大街","Rua dos Mercadores"
1490,"商人巷 / 十八間","Travessa dos Mercadores"
1491,"吉慶一圍","Pátio do Mestre"
1492,"美基街","Rua de Miguel Aires"
1493,"鷹圍","Pátio do Milhafre"
1494,"李家圍","Pátio da Mina"
1495,"西望洋眺望台街","Rua do Miradouro de Santa Sancha"
1496,"瞭望圍 / 安懷居","Pátio do Mirante"
1497,"仁慈堂右巷","Travessa da Misericórdia"
1498,"豆醬里 / 豆醬圍","Beco do Missó"
1499,"蓬萊里","Beco do Mistério"
1500,"高冠街","Rua da Mitra"
1501,"大炮台街","Rua do Monte"
1503,"大炮台斜巷","Calçada do Monte"
1504,"賣菜巷","Travessa da Mosca"
1505,"嚤囉園路","Ramal dos Mouros"
1506,"綠豆圍","Pátio do Mungo"
1507,"十字巷","Travessa do Muro"
1508,"小山石級","Escada do Muro"
1509,"沙鵻圍","Pátio das Narcejas"
1510,"魯子高街","Rua do Noronha"
1511,"叢慶北街","Rua Norte"
1512,"菜園涌北街","Rua Norte do Canal das Hortas"
1513,"罅些喇提督市北街","Rua Norte do Mercado Almirante Lacerda"
1514,"公局新市北街","Rua Norte do Mercado de S. Domingos"
1515,"沙梨頭北街","Rua Norte do Patane"
1516,"沙梨頭北巷","Travessa Norte do Patane"
1517,"關前後街","Rua de Nossa Senhora do Amparo"
1518,"加思欄後新馬路","Estrada Nova"
1519,"福德新街","Rua Nova"
1520,"東望洋新街","Rua Nova à Guia"
1521,"瘋堂新街","Rua Nova de S. Lázaro"
1522,"通商新街 / 新填地","Rua Nova do Comércio"
1523,"祐漢新村第九街","Rua Nove do Bairro Iao Hon"
1526,"新圍 / 新里","Pátio Novo"
1527,"眼鏡里 / 倒裝二圍","Beco dos Óculos"
1528,"何子英西圍","Pátio Oeste de Hó Chi Iêng"
1529,"公局新市西街","Rua Oeste do Mercado de S. Domingos"
1530,"祐漢新村第八街","Rua Oito do Bairro Iao Hon"
1535,"蠔里 / 果欄尾","Beco da Ostra"
1536,"雅廉訪大馬路","Avenida do Ouvidor Arriaga"
1537,"雅廉訪里","Beco do Ouvidor Arriaga"
1538,"雅廉訪圍","Pátio do Ouvidor Arriaga"
1539,"蛋巷 / 永安上街","Travessa dos Ovos"
1540,"高樓街","Rua do Padre António"
1541,"高樓圍","Pátio do Padre António"
1542,"羅神父街","Rua do Padre António Roliz"
1543,"羅神父里","Beco do Padre António Roliz"
1544,"羅若翰神父街","Rua do Padre João Clímaco"
1545,"傅禮士神父街","Rua do Padre Luís Fróis S.J."
1546,"卑第巷","Travessa do Padre Narciso"
1547,"卑第圍","Pátio do Padre Narciso"
1548,"素鴉利神父巷 / 竹園圍斜巷","Travessa do Padre Soares"
1549,"松山晨運斜坡","Rampa do Padre Vasconcelos"
1550,"木橋街","Rua do Pagode"
1551,"寶塔巷 / 木橋橫街","Travessa do Pagode"
1552,"巴掌圍","Pátio do Pagode"
1553,"媽閣廟前地","Largo do Pagode da Barra"
1554,"康公廟前地","Largo do Pagode do Bazar"
1555,"土地廟里","Beco do Pagode do Patane"
1556,"土地廟前地 / 醮場地","Largo do Pagode do Patane"
1559,"擺華巷","Travessa do Paiva"
1560,"戀愛巷","Travessa da Paixão"
1561,"沙梨頭口巷","Travessa da Palanchica"
1562,"玉盞巷","Travessa da Palangana"
1563,"賣草地街","Rua da Palha"
1564,"乾草里 / 賣草地圍","Beco da Palha"
1565,"乾草圍 / 賣草地里","Pátio da Palha"
1566,"棕櫚葉圍 / 敦善里","Pátio das Palmas"
1567,"麻子街","Rua da Palmeira"
1568,"布巷","Travessa do Pano"
1569,"鮑公廟前地","Largo do Pao Cong Mio"
1570,"木瓜圍","Pátio da Papaia"
1571,"沙梨頭石級","Escada do Papel"
1572,"華園新街","Rua do Paraíso"
1573,"平線巷","Travessa do Paralelo"
1574,"平線里 / 平線圍","Beco do Paralelo"
1575,"公園街","Rua do Parque"
1576,"白頭馬路","Estrada dos Parses"
1577,"通衢街","Rua do Passadiço"
1578,"雀里","Beco dos Pássaros"
1579,"牧羊巷","Travessa do Pastor"
1580,"沙梨頭街 / 石牆街","Rua do Patane"
1581,"沙梨頭巷","Travessa do Patane"
1582,"醫院後街","Rua do Pato"
1583,"鴨巷 / 醫院橫街","Travessa do Pato"
1584,"永安下巷","Travessa do Pau"
1585,"和平台","Pátio da Paz"
1586,"和平斜巷 / 高樓下巷","Calçada da Paz"
1587,"石街","Rua da Pedra"
1588,"石里 / 石字巷","Beco da Pedra"
1589,"蕉園圍","Pátio da Pedra"
1590,"高地烏街","Rua de Pedro Coutinho"
1591,"卑度路街","Rua de Pedro Nolasco"
1592,"伯多祿局長街 / 白馬行","Rua de Pedro Nolasco da Silva"
1593,"鮮魚里","Beco do Peixe"
1594,"鹹魚街","Rua do Peixe Salgado"
1595,"鹹魚里 / 鹹魚圍","Beco do Peixe Salgado"
1596,"家神圍 / 長樂里","Pátio dos Penates"
1597,"連安巷","Travessa do Penedo"
1598,"太和圍","Pátio do Penedo"
1599,"西望洋馬路","Estrada da Penha"
1600,"西坑街","Rua da Penha"
1601,"西望洋圍 / 三間里","Pátio da Penha"
1602,"西望洋斜巷","Calçada da Penha"
1603,"明珠台","Pátio da Pérola"
1604,"千日紅巷","Travessa das Perpétuas"
1605,"千日紅圍 / 千日紅里","Pátio das Perpétuas"
1606,"漁翁街","Rua dos Pescadores"
1607,"火水巷","Travessa do Petróleo"
1608,"虔信街","Rua da Piedade"
1609,"帶水圍","Pátio do Piloto"
1610,"擔桿里 / 草堆橫街","Beco da Pinga"
1611,"翎毛巷","Travessa das Plumas"
1612,"水井斜巷 / 細井巷","Calçada do Poço"
1613,"大井巷","Travessa dos Poços"
1614,"大堂新圍","Pátio do Poeta"
1615,"連安圍","Pátio da Pomba"
1616,"橋巷","Travessa da Ponte"
1617,"群興新街","Rua de Ponte e Horta"
1618,"柯邦迪前地 / 司打口","Praça de Ponte e Horta"
1619,"豬里 / 史山豬圍","Beco do Porco"
1620,"養豬巷","Travessa do Porqueiro"
1621,"趙家巷","Travessa da Porta"
1622,"劏狗環巷","Travessa da Praia"
1624,"衣灣斜巷","Calçada da Praia"
1625,"西灣街","Rua da Praia do Bom Parto"
1626,"下環街","Rua da Praia do Manduco"
1628,"南灣巷","Travessa da Praia Grande"
1629,"南灣里","Beco da Praia Grande"
1630,"三層樓街","Rua da Prainha"
1631,"風順堂上街","Rua da Prata"
1632,"銀和里","Beco da Prata"
1633,"教師里 / 林家一圍","Beco do Professor"
1634,"如意巷","Travessa da Prosperidade"
1635,"叢慶四巷","Travessa Quarta do Pátio do Jardim"
1636,"兵營斜巷 / 兵營斜路","Calçada dos Quartéis"
1637,"黑沙環第四街","Rua Quatro do Bairro da Areia Preta"
1638,"祐漢新村第四街","Rua Quatro do Bairro Iao Hon"
1642,"太和石級","Escada Quebra-Costas"
1643,"金雞納圍","Pátio da Quina"
1645,"群隊街","Rua do Rebanho"
1646,"魚網里 / 萬里圍","Beco da Rede"
1647,"三巴仔斜巷","Calçada dos Remédios"
1648,"鏡湖馬路","Estrada do Repouso"
1649,"民國大馬路","Avenida da República"
1650,"水池斜坡","Rampa do Reservatório"
1651,"大三巴右街","Rua da Ressurreição"
1652,"光復街","Rua da Restauração"
1653,"峽谷巷","Travessa da Ribeira"
1654,"沙梨頭海邊街","Rua da Ribeira do Patane"
1655,"沙梨頭海邊巷","Travessa da Ribeira do Patane"
1656,"史山斜巷","Calçada da Rocha"
1657,"竹園圍","Pátio do Rochedo"
1658,"鳩里","Beco das Rolas"
1659,"德香里","Beco da Romã"
1660,"羅結地巷","Travessa do Roquete"
1661,"連興街","Rua da Rosa"
1662,"玫瑰里 / 聚龍通津 / 騎樓街","Beco da Rosa"
1664,"興隆街","Rua do Rosário"
1665,"定安街","Rua da Roseira"
1666,"瑰花里","Beco da Roseira"
1667,"板樟堂街","Rua de S. Domingos"
1668,"板樟堂巷","Travessa de S. Domingos"
1669,"板樟堂圍","Pátio de S. Domingos"
1670,"板樟堂前地","Largo de S. Domingos"
1671,"加思欄馬路","Estrada de S. Francisco"
1672,"聖方濟各里 / 玻璃樽圍","Beco de S. Francisco"
1673,"聖方濟各斜巷 / 大三巴斜巷","Calçada de S. Francisco Xavier"
1674,"水榕樹巷","Travessa de S. João"
1675,"大堂斜巷","Calçada de S. João"
1676,"聖庇道街","Rua de S. João de Brito"
1677,"三巴仔街","Rua de S. José"
1678,"瘋堂里","Beco de S. Lázaro"
1679,"瘋堂圍","Pátio de S. Lázaro"
1680,"聖母堂前地","Adro de S. Lázaro"
1681,"風順堂街","Rua de S. Lourenço"
1682,"聖美基街","Rua de S. Miguel"
1683,"聖尼各老圍 / 仁厚里","Pátio de S. Nicolau"
1684,"大三巴街","Rua de S. Paulo"
1685,"大三巴巷","Travessa de S. Paulo"
1686,"大三巴圍","Pátio de S. Paulo"
1687,"大三巴斜巷","Calçada de S. Paulo"
1688,"聖祿杞街","Rua de S. Roque"
1689,"聖祿杞里 / 打鐵圍","Beco de S. Roque"
1690,"媽閣上街","Rua de S. Tiago da Barra"
1691,"沙嘉都喇賈罷麗街","Rua de Sacadura Cabral"
1692,"紅雀圍","Pátio do Sairro"
1693,"鹽巷","Travessa do Sal"
1694,"鹽里 / 爛花園","Beco do Sal"
1695,"鳳仙圍","Pátio do Sal"
1696,"美珊枝街","Rua de Sanches de Miranda"
1697,"老饕巷","Travessa de Sancho Pança"
1698,"家辣堂街","Rua de Santa Clara"
1699,"大炮台下街","Rua de Santa Filomena"
1700,"大炮台下圍","Pátio de Santa Filomena"
1701,"聖珊澤馬路 / 西望洋馬路","Estrada de Santa Sancha"
1702,"岡頂前地","Largo de Santo Agostinho"
1703,"巴掌圍斜巷","Calçada de Santo Agostinho"
1704,"花王堂街","Rua de Santo António"
1705,"花王堂前地","Largo de Santo António"
1706,"聖柯奴非圍 / 福星里","Pátio de Santo Onofre"
1707,"水坑尾巷","Travessa dos Santos"
1708,"鞋里 / 儒履圍","Beco do Sapato"
1709,"銅錢巷","Travessa das Sapecas"
1710,"仁慕巷","Travessa da Saudade"
1711,"仁慕圍","Pátio da Saudade"
1712,"大堂街","Rua da Sé"
1713,"大堂巷","Travessa da Sé"
1714,"大堂里","Beco da Sé"
1715,"大堂圍","Pátio da Sé"
1716,"大堂前地","Largo da Sé"
1717,"叢慶二巷","Travessa Segunda do Pátio do Jardim"
1718,"黑沙環第六街","Rua Seis do Bairro da Areia Preta"
1719,"祐漢新村第六街","Rua Seis do Bairro Iao Hon"
1722,"六屋圍 / 福六里","Pátio das Seis Casas"
1723,"三巴仔橫街","Rua do Seminário"
1724,"三巴仔里","Beco do Seminário"
1725,"議事亭里 / 議事亭右巷","Beco do Senado"
1726,"議事亭前地","Largo do Senado"
1727,"馮家圍","Pátio do Serralheiro"
1728,"黑沙環第七街","Rua Sete do Bairro da Areia Preta"
1729,"祐漢新村第七街","Rua Sete do Bairro Iao Hon"
1732,"士多鳥拜斯大馬路","Avenida de Sidónio Pais"
1733,"文第士街","Rua de Silva Mendes"
1734,"文第士巷","Travessa de Silva Mendes"
1735,"文第士圍","Pátio de Silva Mendes"
1736,"工匠圍 / 居安里","Pátio do Socorro"
1737,"日頭街","Rua do Sol"
1738,"日頭圍 / 日頭里 / 大三巴太陽里","Pátio do Sol"
1739,"米糙巷","Travessa do Soriano"
1740,"沙梨頭斜巷","Calçada das Sortes"
1741,"叢慶南街","Rua Sul"
1743,"公局新市南街","Rua Sul do Mercado de S. Domingos"
1744,"金龍前地","Largo da Surdez"
1745,"愕街","Rua da Surpresa"
1746,"愕斜巷","Calçada da Surpresa"
1747,"煙草里 / 煙字巷","Beco do Tabaco"
1748,"板堆圍 / 板堆里","Pátio do Tabuado"
1749,"木板前地 / 板樟空地","Largo das Tábuas"
1750,"塔石街","Rua do Tap Siac"
1751,"塔石巷","Travessa do Tap Siac"
1752,"沙欄仔街","Rua do Tarrafeiro"
1753,"沙欄仔里 / 沙欄仔橫街","Beco do Tarrafeiro"
1754,"大碼頭街","Rua do Teatro"
1755,"戲院斜巷","Calçada do Teatro"
1756,"叢慶三巷","Travessa Terceira do Pátio do Jardim"
1757,"果欄街","Rua da Tercena"
1758,"果欄圍","Pátio da Tercena"
1759,"天台圍","Pátio do Terrado"
1760,"聚寶街 / 夜呣前巷","Rua do Tesouro"
1761,"染布巷","Travessa dos Tingidores"
1762,"染布里","Beco dos Tingidores"
1763,"硯圍","Pátio do Tinteiro"
1764,"染師里 / 營地一圍","Beco do Tintureiro"
1765,"羅憲新街","Rua de Tomás da Rosa"
1766,"新勝街","Rua de Tomás Vieira"
1767,"新勝巷","Travessa de Tomás Vieira"
1768,"新勝里","Beco de Tomás Vieira"
1769,"道咩卑利士街","Rua de Tomé Pires"
1770,"道咩卑利士里","Beco de Tomé Pires"
1771,"道咩卑利士圍","Pátio de Tomé Pires"
1772,"柚圍 / 柚果里","Pátio da Toranja"
1773,"扊扅圍","Pátio da Tranca"
1774,"橫樑里 / 橫圍","Beco da Trave"
1775,"馬車巷 / 夜呣前街 / 馬巷","Travessa dos Tréns"
1776,"黑沙環第三街","Rua Três do Bairro da Areia Preta"
1777,"祐漢新村第三街","Rua Três do Bairro Iao Hon"
1780,"華大新村第三街","Rua Três do Bairro Vá Tai"
1782,"東方斜巷","Calçada do Tronco Velho"
1783,"竹帽巷","Travessa do Tudum"
1784,"山洞巷","Travessa do Túnel"
1785,"僑樂新街","Rua do Ultramar"
1786,"僑樂巷","Travessa do Ultramar"
1787,"黑沙環第一街","Rua Um do Bairro da Areia Preta"
1788,"和樂坊一街","Rua Um do Bairro da Concórdia"
1789,"祐漢新村第一街","Rua Um do Bairro Iao Hon"
1792,"華大新村第一街","Rua Um do Bairro Vá Tai"
1793,"十月一號前地","Praceta de 1 de Outubro"
1794,"友聯街","Rua da União"
1795,"友聯巷","Travessa da União"
1796,"華大街","Rua Vá Tai"
1797,"華士圍 / 華士里","Pátio do Vaz"
1798,"老人圍","Pátio dos Velhos"
1799,"慕拉士大馬路","Avenida de Venceslau de Morais"
1800,"慕拉士街","Rua de Venceslau de Morais"
1801,"慕拉士巷","Travessa de Venceslau de Morais"
1802,"慕拉士前地","Praceta de Venceslau de Morais"
1803,"小販巷 / 下環小市","Travessa dos Vendilhões"
1804,"桂和里","Beco dos Vendilhões"
1805,"福寧巷 / 福寧里 / 新圍","Travessa das Venturas"
1806,"哪咤廟街","Rua das Verdades"
1807,"哪咤廟巷","Travessa das Verdades"
1808,"哪咤廟里","Beco das Verdades"
1809,"哪咤圍","Pátio das Verdades"
1810,"哪咤廟斜巷","Calçada das Verdades"
1812,"樂上巷","Travessa da Viola"
1813,"樂上里","Beco do Violeiro"
1814,"道德巷 / 深巷橫街","Travessa das Virtudes"
1815,"若憲馬路","Estrada do Visconde de S. Januário"
1816,"若憲斜巷","Calçada do Visconde de S. Januário"
1817,"巴素打爾古街","Rua do Visconde Paço de Arcos"
1818,"得勝馬路","Estrada da Vitória"
1819,"得勝街","Rua da Vitória"
1820,"和隆街","Rua do Volong"
1821,"和樂坊二街","Rua Dois do Bairro da Concórdia"
1822,"沙梨頭海邊大馬路","Avenida Marginal do Patane"
1823,"台山中街","Rua Central de T'oi Sán"
1824,"台山新街","Rua Nova de T'oi Sán"
1825,"高地烏巷","Travessa de Pedro Coutinho"
1826,"山邊街","Rua da Encosta"
1827,"工業街","Rua das Indústrias"
1828,"蘇亞利斯博士大馬路","Avenida Doutor Mário Soares"
1829,"觀音堂街","Rua de Kun Iam Tong"
1830,"收容所街","Rua do Asilo"
1831,"石仔堆巷","Travessa das Pedrinhas"
1832,"何賢紳士大馬路","Avenida do Comendador Ho Yin"
1833,"長崎街","Rua de Nagasaki"
1834,"上海街","Rua de Xangai"
1835,"廣州街","Rua de Cantão"
1836,"北京街","Rua de Pequim"
1837,"馬六甲街","Rua de Malaca"
1838,"市場街","Rua do Mercado de Iao Hon"
1839,"永康街","Rua da Saúde"
1840,"永樂街","Rua Alegre"
1841,"永添街","Rua do Progresso"
1842,"永安街","Rua da Paz"
1843,"永定街","Rua da Serenidade"
1844,"永華街","Rua Graciosa"
1845,"中心街","Rua Direita do Hipódromo"
1846,"看台街","Rua da Tribuna"
1847,"馬場大馬路","Avenida do Hipódromo"
1848,"菜園路","Rua dos Hortelãos"
1849,"永寧街","Rua da Tranquilidade"
1851,"關閘廣場","Praça das Portas do Cerco"
1852,"鮑思高街","Rua de São João Bosco"
1853,"牧場巷","Travessa dos Currais"
1854,"東望洋巷","Travessa do Gaio"
1855,"得勝斜路","Calçada da Vitória"
1856,"菜園新街","Rua da Hortense"
1857,"雅景巷","Travessa das Acácias"
1858,"海景花園","Praceta de Miramar"
1859,"廈門街","Rua de Xiamen"
1860,"佛山街","Rua de Foshan"
1861,"舢舨巷","Travessa da Sampana"
1862,"殷豐素王前地","Praça de D. Afonso Henriques"
1863,"蓮峰街","Rua do Templo Lin-Fong"
1864,"順風巷","Travessa dos Prazeres"
1865,"蓮峰巷","Travessa do Templo Lin-Fong"
1866,"民國街","Rua da República"
1867,"友誼廣場","Praça da Amizade"
1868,"萬安巷","Travessa do Bem-Estar"
1869,"如意廣場","Praceta do Bom Sucesso"
1870,"順景廣場","Praceta da Serenidade"
1871,"永寧廣場","Alameda da Tranquilidade"
1872,"青洲上街","Rua da Ilha Verde"
1873,"青洲巷","Travessa da Ilha Verde"
1874,"黑沙環中街","Rua Central da Areia Preta"
1875,"黑沙環新街","Rua Nova da Areia Preta"
1876,"勞動節街","Rua 1º de Maio"
1877,"馬交石街","Rua de Má Káu Séak"
1878,"涌河新街","Rua do Canal Novo"
1879,"勞動節大馬路","Avenida 1º de Maio"
1880,"東北大馬路","Avenida do Nordeste"
1881,"涌河新巷","Travessa do Canal Novo"
1882,"海港街","Rua do Terminal Marítimo"
1883,"水塘巷","Travessa do Reservatório"
1884,"友誼巷","Travessa da Amizade"
1885,"隧道圍","Pátio do Túnel"
1886,"馬場東大馬路","Avenida Leste do Hipódromo"
1887,"馬場北大馬路","Avenida Norte do Hipódromo"
1888,"如意圍","Pátio da Prosperidade"
1889,"區神父街","Rua do Padre Eugénio Taverna"
1890,"沙梨頭南街","Rua Sul do Patane"
1891,"麻子巷","Travessa da Palmeira"
1892,"戲院里","Beco do Teatro"
1893,"銀針圍","Pátio da Agulha"
1894,"青洲里","Beco da Ilha Verde"
1895,"南灣大馬路","Avenida da Praia Grande"
1896,"巴波沙巷","Travessa de Artur Tamagnini Barbosa"
1897,"蓮花廣場","Praça dos Lótus"
1898,"鴨涌河南街","Rua Sul do Canal dos Patos"
1899,"青洲新街","Rua Nova da Ilha Verde"
1900,"青洲東街","Rua Leste da Ilha Verde"
1902,"蓮花巷","Travessa dos Lótus"
1903,"友誼橋大馬路","Avenida da Ponte da Amizade"
1904,"友誼圓形地","Rotunda da Amizade"
1905,"青洲新馬路","Estrada Nova da Ilha Verde"
1906,"菊花巷","Travessa do Crisântemo"
1907,"亞婆井前地","Largo do Lilau"
1908,"海港前地","Largo do Terminal Marítimo"
1909,"鮑思高圓形地","Rotunda de S. João Bosco"
1910,"賈伯樂提督圓形地","Rotunda do Almirante Costa Cabral"
1911,"山水園圍","Beco do Bom Jesus"
1912,"宋玉生廣場","Alameda Dr. Carlos D'Assumpção"
1914,"林茂海邊大馬路","Avenida Marginal do Lam Mau"
1915,"船澳街","Rua da Doca Seca"
1916,"海灣南街","Rua da Bacia Sul"
1917,"沙梨頭新街","Rua Nova do Patane"
1918,"孫逸仙大馬路","Avenida Dr. Sun Yat-Sen"
1919,"航海學校街","Rua da Escola Náutica"
1920,"沙格斯大馬路","Avenida de Sagres"
1922,"城市日大馬路","Avenida 24 de Junho"
1923,"倫斯泰特大馬路","Avenida Sir Anders Ljungstedt"
1924,"馬濟時總督大馬路","Avenida do Governador Jaime Silvério Marques"
1925,"冼星海大馬路","Avenida Xian Xing Hai"
1926,"柏嘉街","Rua Cidade de Braga"
1927,"波爾圖街","Rua Cidade do Porto"
1928,"科英布拉街","Rua Cidade de Coimbra"
1930,"聖德倫街","Rua Cidade de Santarém"
1931,"仙德麗街","Rua Cidade de Sintra"
1932,"馬德里街","Rua de Madrid"
1933,"倫敦街","Rua de Londres"
1934,"羅馬街","Rua de Roma"
1935,"布魯塞爾街","Rua de Bruxelas"
1936,"巴黎街","Rua de Paris"
1937,"栢林街","Rua de Berlim"
1938,"飛南第街","Rua Francisco H. Fernandes"
1939,"果亞街","Rua de Goa"
1940,"黑沙環新巷","Travessa Nova da Areia Preta"
1941,"洞穴街","Rua da Gruta"
1942,"洞穴巷","Travessa da Gruta"
1943,"港務局里","Beco da Capitania dos Portos"
1944,"澳門博物館前地","Praceta do Museu de Macau"
1945,"大炮台北巷","Travessa Norte do Monte"
1946,"何鴻燊博士大馬路","Avenida Doutor Stanley Ho"
1947,"區華利前地","Praça de Jorge Álvares"
1949,"蘭花前地","Praça das Orquídeas"
1950,"馬統領圍","Pátio do Comandante Mata e Oliveira"
1952,"山茶街","Rua das Camélias"
1953,"天竹巷","Travessa das Dálias"
1954,"木蘭巷","Travessa da Magnólia"
1955,"牡丹巷","Travessa da Peónia"
1956,"鴨涌馬路","Estrada do Canal dos Patos"
1957,"水仙巷","Travessa do Narciso"
1958,"望廈街","Rua de Mong Há"
1959,"四月二十五日街","Rua 25 de Abril"
1960,"四月二十五日前地","Praceta 25 de Abril"
1961,"花地瑪教會街","Rua da Missão de Fátima"
1962,"筷子基街","Rua de Fái Chi Kei"
1963,"筷子基巷","Travessa de Fái Chi Kei"
1964,"和樂巷","Travessa da Concórdia"
1965,"立法會前地","Praça da Assembleia Legislativa"
1966,"昆明街","Rua de Kunming"
1967,"圓台巷","Travessa da Doca dos Holandeses"
1968,"馬揸度博士巷","Travessa do Dr. Francisco Vieira Machado"
1969,"漁翁巷","Travessa dos Pescadores"
1970,"台山新城市第一街","Rua Um da Cidade Nova de T'oi Sán"
1971,"台山新城市第二街","Rua Dois da Cidade Nova de T'oi Sán"
1972,"台山新城市第三街","Rua Três da Cidade Nova de T'oi Sán"
1973,"台山新城市第一巷","Travessa Um da Cidade Nova de T'oi Sán"
1974,"台山新城市第二巷","Travessa Dois da Cidade Nova de T'oi Sán"
1975,"澳門商業大馬路","Avenida Comercial de Macau"
1976,"西灣湖景大馬路","Avenida Panorâmica do Lago Sai Van"
1977,"南灣湖景大馬路","Avenida Panorâmica do Lago Nam Van"
1978,"觀光塔街","Rua da Torre de Macau"
1979,"西灣湖街","Rua do Lago Sai Van"
1980,"湖畔南街","Rua Sul de Entre Lagos"
1981,"湖畔西街","Rua Oeste de Entre Lagos"
1982,"西灣湖巷","Travessa do Lago Sai Van"
1984,"觀光塔前地","Largo da Torre de Macau"
1986,"終審法院前地","Praça do Tribunal de Última Instância"
1987,"黑沙環海邊巷","Travessa Marginal da Areia Preta"
1988,"電廠巷","Travessa da Central Térmica"
1989,"水塘馬路","Estrada do Reservatório"
1990,"文化中心廣場","Praça do Centro Cultural"
1991,"西灣湖廣場","Praça do Lago Sai Van"
1992,"林茂海邊街","Rua Marginal do Lam Mau"
1993,"林茂海邊巷","Travessa Marginal do Lam Mau"
1994,"遊艇會巷","Travessa do Clube de Iates"
1995,"西望洋巷","Travessa da Penha"
1996,"理工學院街","Rua do Instituto Politécnico"
1997,"蒙地卡羅前地","Largo de Monte Carlo"
1998,"勞動節巷","Travessa 1º de Maio"
1999,"山邊巷","Travessa da Encosta"
2000,"飛喇士巷","Travessa do General Ivens Ferraz"
2001,"東方明珠街","Rua da Pérola Oriental"
2002,"菜園涌邊巷","Travessa Marginal do Canal das Hortas"
2003,"南灣湖圍","Pátio do Lago da Praia Grande"
2004,"南灣南巷","Travessa Sul da Praia Grande"
2005,"南灣中巷","Travessa Central da Praia Grande"
2006,"南灣北巷","Travessa Norte da Praia Grande"
2007,"工業園大馬路","Avenida do Parque Industrial"
2008,"工業園新街","Rua Nova do Parque Industrial"
2009,"工業園街","Rua do Parque Industrial"
2010,"工業園南街","Rua Sul do Parque Industrial"
2011,"工業園北街","Rua Norte do Parque Industrial"
2012,"工業園前地","Praceta do Parque Industrial"
2013,"海棠巷","Travessa da Begónia"
2014,"城市日前地","Praceta 24 de Junho"
2015,"林茂塘街","Rua da Doca do Lam Mau"
2016,"騎士巷","Travessa dos Cavaleiros"
2017,"望廈兵房街","Rua do Quartel de Mong Há"
2018,"西望洋斜坡","Rampa da Penha"
2019,"塔石廣場","Praça do Tap Siac"
2020,"東北巷","Travessa do Nordeste"
2021,"東望洋發射塔前地","Largo da Torre de Transmissão da Guia"
2022,"馬萬祺博士大馬路","Avenida Doutor Ma Man Kei"
2023,"豚城大馬路","Avenida de Tun Seng"
2024,"濠江圓形地","Rotunda de Hou Kong"
2025,"望善街","Rua de Mong Sin"
2026,"工業園一巷","Travessa Um do Parque Industrial"
2027,"工業園二巷","Travessa Dois do Parque Industrial"
2028,"工業園三巷","Travessa Três do Parque Industrial"
2029,"港珠澳口岸環形馬路","Estrada Circular Fronteiriça de Hong Kong-Zhuhai-Macau"
2030,"港珠澳邊檢北大馬路","Avenida Norte Fronteiriça de Hong Kong-Zhuhai-Macau"
2031,"港珠澳邊檢南大馬路","Avenida Sul Fronteiriça de Hong Kong-Zhuhai-Macau"
2032,"港珠澳邊檢中央廣場","Praceta Central Fronteiriça de Hong Kong-Zhuhai-Macau"
2033,"港珠澳邊檢東廣場","Praça Leste Fronteiriça de Hong Kong-Zhuhai-Macau"
2034,"港珠澳邊檢西廣場","Praça Oeste Fronteiriça de Hong Kong-Zhuhai-Macau"
2035,"港珠澳口岸大馬路","Avenida Fronteiriça de Hong Kong-Zhuhai-Macau"
2036,"筷子基一街","Rua Um de Fái Chi Kei"
2037,"筷子基二街","Rua Dois de Fái Chi Kei"
5001,"大學南圓形地","Rotunda Sul da Universidade"
5002,"大學北圓形地","Rotunda Norte da Universidade"
5003,"大學大馬路","Avenida da Universidade"
5004,"明德大馬路","Avenida das Virtudes"
5005,"凱旋大馬路","Avenida da Vitória"
5006,"暢運大馬路","Avenida do Transporte"
5007,"科研東街","Rua Leste de Investigação Científica"
5008,"科研西街","Rua Oeste de Investigação Científica"
5009,"強身大馬路","Avenida da Saúde"
5010,"士林街","Rua dos Saberes"
6001,"雞頸馬路","Estrada da Ponta da Cabrita"
6002,"史伯泰海軍將軍馬路","Estrada Almirante Marques Esparteiro"
6003,"卓家村路","Caminho da Povoação de Cheok Ka"
6005,"美副將馬路","Estrada Coronel Nicolau de Mesquita"
6007,"柯維納馬路","Estrada Governador Albano de Oliveira"
6011,"七潭公路","Estrada de Sete Tanques"
6018,"盧廉若馬路","Estrada Lou Lim Ieok"
6019,"北安碼頭馬路","Estrada da Ponte de Pac On"
6020,"菜園路","Caminho das Hortas"
6021,"徐日昇寅公馬路","Avenida Padre Tomás Pereira"
6022,"高勵雅馬路","Estrada Almirante Magalhães Correia"
6023,"司徒澤雄神父馬路","Estrada Padre Estevão Eusébio Sítu"
6025,"蘇利安圓形地","Rotunda de Leonel de Sousa"
6026,"盧伯德圓形地","Rotunda Tenente P.J. da Silva Loureiro"
6035,"黑橋街","Rua da Ponte Negra"
6036,"奧林匹克大馬路","Avenida Olímpica "
6041,"連理街","Rua dos Bem Casados"
6042,"連理巷","Travessa dos Bem Casados"
6043,"消防局前地","Largo dos Bombeiros"
6044,"仙女巷","Travessa das Bruxas"
6045,"嘉妹前地","Largo Camões"
6046,"大蘿巷","Travessa das Canastras"
6047,"嘉路士米耶馬路","Avenida de Carlos da Maia"
6048,"嘉模前地","Largo do Carmo"
6049,"嘉模斜巷","Calçada do Carmo"
6050,"木鐸街","Rua dos Clérigos"
6051,"告利雅施利華街","Rua Correia da Silva"
6052,"跛腳梯","Escada do Coxo"
6053,"官也街","Rua do Cunha"
6054,"律政司街","Rua do Delegado"
6056,"施督憲正街","Rua Direita Carlos Eugénio"
6058,"鏡圍","Pátio do Espelho"
6059,"福隆彩巷","Travessa da Esperança"
6060,"水鴨街","Rua das Gaivotas"
6061,"福隆巷","Travessa da Felicidade"
6062,"飛能便度街","Rua Fernão Mendes Pinto"
6063,"打鐵圍","Beco do Ferreiro"
6064,"花朵圍","Beco das Flores"
6065,"蟻圍","Beco da Formiga"
6066,"加菲也巷","Travessa das Gaveas"
6067,"榮光巷","Travessa da Glória"
6068,"何連旺街","Rua Ho Lin Vong"
6069,"柯打蘇沙街","Rua de Horta e Sousa"
6071,"賊仔巷","Travessa dos Ladrões"
6072,"米也馬嘉禮前地","Largo Maia de Magalhães"
6073,"中街","Rua do Meio"
6074,"買賣巷","Travessa dos Mercadores"
6075,"買賣街","Rua dos Mercadores"
6076,"望地列古街","Rua de Montenegro"
6077,"新巷","Travessa Nova"
6078,"客商街","Rua dos Negociantes"
6081,"雞毛圍","Beco do Penacho"
6083,"橋樑前地","Largo da Ponte"
6084,"海邊馬路","Avenida da Praia"
6085,"兵房斜巷","Calçada do Quartel"
6086,"胡琴巷","Travessa da Rebeca"
6087,"地堡街","Rua do Regedor"
6088,"光復街","Rua da Restauração"
6089,"安樂街","Rua do Retiro"
6090,"山治美蘭打前地","Largo Sanches Miranda"
6091,"耶都地巷","Travessa de Santa Gertrudes"
6092,"生央街","Rua de S. João"
6093,"日頭街","Rua do Sol"
6094,"素啤古街","Rua do Supico"
6095,"巴波沙總督前地","Largo Governador Tamagnini Barbosa"
6097,"風景巷","Travessa da Boa Vista"
6129,"基馬拉斯大馬路","Avenida de Guimarães"
6130,"廣東大馬路","Avenida de Kwong Tung"
6131,"宋玉生博士圓形地","Rotunda Dr. Carlos A. Correa Pães D'Assumpção"
6132,"亞威羅街","Rua de Aveiro"
6133,"布拉格街","Rua de Braga"
6134,"布拉干薩街","Rua de Bragança"
6135,"沙維斯街","Rua de Chaves"
6136,"潮州街","Rua de Chiu Chau"
6137,"哥英布拉街","Rua de Coimbra"
6138,"埃武拉街","Rua de Évora"
6139,"佛山街","Rua de Fat San"
6140,"杭州街","Rua de Hong Chau"
6141,"桂林街","Rua de Kwai Lam"
6142,"拉哥斯街","Rua de Lagos"
6143,"南京街","Rua de Nam Keng"
6144,"汕頭街","Rua de San Tau"
6145,"大連街","Rua de Tai Lin"
6146,"韶關街","Rua Siu Kuan"
6147,"成都街","Rua de Seng Tou"
6148,"嘉樂庇總督馬路","Estrada Governador Nobre de Carvalho"
6149,"孫逸仙博士大馬路","Avenida Dr. Sun Yat Sen"
6150,"信安馬路","Avenida Son On"
6151,"偉龍馬路","Avenida Wai Long"
6152,"北安前地","Largo de Pac On"
6153,"永福街","Rua da Felicidade"
6155,"順怡街","Rua da Harmonia"
6156,"順榮街","Rua da Prosperidade"
6157,"永富街","Rua da Riqueza"
6158,"永寧街","Rua da Tranquilidade"
6159,"永勝街","Rua da Vitória"
6160,"永發街","Rua do Progresso"
6161,"興隆街","Rua Heng Long"
6162,"順景街","Rua Son Keng"
6163,"和睦街","Rua Wo Mok"
6164,"里斯本街","Rua Cidade de Lisboa"
6165,"永誠街","Rua de Viseu"
6166,"西安街","Rua de Sai On"
6167,"米尼奧街","Rua do Minho"
6168,"北安大馬路","Estrada de Pac On"
6170,"德行街","Rua das Virtudes"
6171,"花園街","Rua do Jardim"
6172,"海洋花園第一街","Rua Um dos Jardins do Oceano"
6173,"海洋花園第二街","Rua Dois dos Jardins do Oceano"
6174,"海洋花園第三街","Rua Três dos Jardins do Oceano"
6175,"海洋花園第四街","Rua Quatro dos Jardins do Oceano"
6176,"海洋花園第五街","Rua Cinco dos Jardins do Oceano"
6177,"海洋花園第六街","Rua Seis dos Jardins do Oceano"
6178,"海灣圍","Beco da Baía"
6179,"氹仔東北馬路","Estrada Nordeste da Taipa"
6180,"北安圓形地","Rotunda de Pac On"
6181,"孫逸仙博士圓形地","Rotunda Dr. Sun Yat Sen"
6182,"徐日昇寅公圓形地","Rotunda Padre Tomás Pereira"
6183,"海灣街","Rua da Baía"
6184,"肇慶街","Rua de Siu Heng"
6185,"巴波沙總督街","Rua Governador Tamagnini Barbosa"
6186,"天文台斜路","Rampa do Observatório"
6187,"路氹連貫公路圓形地","Rotunda do Istmo"
6188,"北京街","Rua de Pequim"
6189,"馬德拉街","Rua da Madeira"
6190,"波爾圖街","Rua do Porto"
6191,"大埔街","Rua de Tai Pou"
6192,"永樂圍","Beco da Alegria"
6193,"海洋花園大馬路","Avenida dos Jardins do Oceano"
6194,"運動場圓形地","Rotunda do Estádio"
6195,"運動場道","Avenida do Estádio"
6196,"幸運圍","Beco da Sorte"
6197,"體育里","Beco do Desporto"
6198,"飛機場圓形地","Rotunda do Aeroporto"
6199,"亞利雅架圓形地","Rotunda Ouvidor Arriaga"
6200,"聚龍街","Rua de Choi Long"
6201,"學院路","Rua do Colégio"
6202,"體育路","Rua do Desporto"
6203,"排角路","Rua do Pai Kok"
6204,"珍珠圍","Beco da Pérola"
6205,"老虎巷","Travessa Lou Fu"
6207,"酒店斜路","Rampa do Hotel"
6208,"奧林匹克游泳館圓形地","Rotunda da Piscina Olímpica"
6209,"望德聖母灣大馬路","Estrada da Baía de Nossa Senhora da Esperança"
6210,"海灣巷","Travessa da Baía"
6211,"重慶街","Rua de Chong Heng"
6212,"天津街","Rua de Tin Chon"
6213,"東亞運大馬路","Avenida dos Jogos da Ásia Oriental"
6214,"東亞運圓形地","Rotunda dos Jogos da Ásia Oriental"
6215,"東亞運街","Rua dos Jogos da Ásia Oriental"
6216,"海洋大馬路","Avenida do Oceano"
6217,"海灣前地","Largo da Baía"
6218,"望德聖母灣街","Rua da Baía de Nossa Senhora de Esperança"
6220,"嘉模巷","Travessa do Carmo"
6221,"機場大馬路","Avenida do Aeroporto"
6222,"航空圓形地","Rotunda da Aeronáutica"
6223,"東亞運廣場","Praça dos Jogos da Ásia Oriental"
6224,"科技大學圓形地","Rotunda da Universidade de Ciência e Tecnologia"
6225,"體育館大馬路","Avenida da Nave Desportiva"
6226,"射擊路","Rua do Tiro"
6227,"網球路","Rua de Ténis"
6228,"溜冰路","Rua da Patinagem"
6229,"新城大馬路","Avenida Cidade Nova"
6230,"路氹城大馬路","Avenida de COTAI"
6231,"路氹城圓形地","Rotunda de COTAI"
6232,"炮竹廠巷","Travessa da Fábrica de Panchões"
6233,"北安碼頭大馬路","Avenida do Cais de Pac On"
6234,"北安碼頭街","Rua do Cais de Pac On"
6235,"北安碼頭一巷","Travessa Um do Cais de Pac On"
6236,"北安碼頭二巷","Travessa Dois do Cais de Pac On"
6237,"北安碼頭三巷","Travessa Três do Cais de Pac On"
6238,"亞速爾街","Rua dos Açores"
6239,"湛江街","Rua de Zhanjiang"
6240,"三家村巷","Travessa da Povoação de Sam Ka"
6241,"霍英東博士大馬路","Avenida Doutor Henry Fok"
6242,"順榮大馬路","Avenida da Prosperidade"
6243,"永進大馬路","Avenida do Progresso"
6244,"大潭山斜坡","Rampa da Taipa Grande"
6245,"氹仔海濱廣場","Praça Marginal da Taipa"
6246,"日暉石級","Escadaria de Iat Fai"
7001,"九澳堤壩馬路","Estrada da Barragem de Ká Hó"
7003,"竹灣馬路","Estrada de Cheoc Van"
7004,"法令司士古街","Rua de António Francisco"
7008,"路環高頂馬路","Estrada do Alto de Coloane"
7009,"新黑沙馬路","Estrada Nova de Hac Sá"
7011,"九澳村路","Caminho da Povoação de Ká Hó"
7013,"石排灣馬路","Estrada de Seac Pai Van"
7014,"登峰路","Caminho de Tan Fong"
7015,"黑沙兵房路","Caminho do Quartel de Hac Sá"
7016,"濾水站路","Caminho das Águas"
7017,"九澳聖母馬路","Estrada de Nossa Senhora de Ká Hó"
7019,"九澳高頂馬路","Estrada do Altinho de Ká Hó"
7020,"聖方濟各街","Rua de S. Francisco Xavier"
7021,"黑沙馬路","Estrada de Hac Sá"
7023,"鄉村馬路","Estrada da Aldeia"
7024,"石排灣圓形地","Rotunda de Seac Pai Van"
7025,"陸軍路","Estrada Militar"
7026,"九澳高頂圓形地","Rotunda do Altinho de Ká Hó"
7031,"情人街","Azinhaga dos Amores"
7032,"碼頭前地","Largo do Cais"
7033,"廉慕士街","Rua Correia Lemos"
7034,"計單奴街","Rua do Caetano"
7035,"打纜街","Rua da Cordoaria"
7036,"公侯巷","Travessa do Conde"
7037,"計單奴巷","Travessa do Caetano"
7039,"田畔街","Estrada do Campo"
7040,"船鋪街","Rua do Estaleiro"
7041,"水泉公地","Largo da Fonte"
7042,"水鴨街","Rua das Gaivotas"
7043,"雞公圍","Pátio do Galo"
7045,"花園圍","Beco do Jardim"
7046,"荔枝碗馬路","Estrada de Lai Chi Vun"
7048,"美女巷","Travessa das Lindas"
7050,"中巷","Travessa do Meio"
7051,"屠場前地","Largo do Matadouro"
7052,"中街","Rua do Meio"
7053,"船人街","Rua dos Navegantes"
7054,"客商街","Rua dos Negociantes"
7055,"十月初五馬路","Avenida de Cinco de Outubro"
7056,"恩尼斯總統前地","Largo do Presidente António Ramalho Eanes"
7058,"大廟巷","Travessa do Pagode"
7059,"賊仔圍","Azinhaga dos Piratas"
7060,"石街","Calçada do Quartel"
7061,"民國馬路","Avenida da República"
7062,"民國巷","Travessa da República"
7063,"玫瑰巷","Beco da Rosa"
7064,"新利街","Rua de San Lei"
7065,"音調巷","Travessa das Trinas"
7066,"戴紳禮街","Rua do Tassara"
7067,"老人圍","Pátio do Velho"
7068,"鹹蝦巷","Travessa do Balichão"
7069,"市亭前地","Largo do Bazar"
7070,"計單奴前地","Largo do Caetano"
7071,"田畔里","Beco do Campo"
7073,"打纜前地","Largo da Cordoaria"
7074,"打纜路","Caminho da Cordoaria"
7076,"打纜巷","Travessa da Cordoaria"
7078,"船鋪前地","Largo do Estaleiro"
7079,"花草圍","Pátio das Flores"
7080,"蟻巷","Travessa da Formiga"
7081,"樽頸圍","Beco do Funil"
7082,"肥胖圍","Pátio do Gordo"
7083,"菜園巷","Travessa das Hortas"
7084,"教堂巷","Travessa da Igreja"
7085,"入便街","Rua do Interior"
7087,"雞毛巷","Travessa do Penacho"
7088,"水桶巷","Travessa da Pipa"
7089,"水井圍","Beco do Poço"
7090,"日光圍","Pátio do Sol"
7091,"氹仔巷","Travessa da Taipa"
7092,"譚公廟前地","Largo Tam Kong Miu"
7093,"天后廟前地","Largo Tin Hau Miu"
7099,"路氹連貫公路","Estrada do Istmo"
7107,"郵電巷","Travessa dos Correios"
7108,"新巷","Travessa Nova"
7109,"花園巷","Travessa do Jardim"
7110,"龍柏路","Rua dos Zimbros"
7112,"森樹街","Rua das Margoseiras"
7115,"合歡街","Rua das Albizias"
7119,"紅棉路","Rua dos Bombaxes"
7121,"芒果街","Rua das Mangueiras"
7122,"桉樹街","Rua dos Eucaliptos"
7123,"蒲桃街","Rua dos Jamboleiros"
7124,"榕樹街","Rua das Árvores do Pagode"
7125,"金鳳路","Rua das Acácias Rubras"
7126,"聯生海濱路","Rua Marginal da Concórdia"
7127,"樟樹街","Rua das Canforeiras"
7128,"紅木何路","Rua das Schimas"
7129,"聯生圓形地","Rotunda da Concórdia"
7130,"賈梅士大馬路","Avenida de Luís de Camões"
7131,"荷花圍","Beco de Lótus"
7132,"黑沙龍爪角海濱路","Rua de Hac Sá Long Chao Kok"
7133,"竹灣豪園第一街","Rua Um dos Jardins de Cheoc Van"
7134,"竹灣豪園第二街","Rua Dois dos Jardins de Cheoc Van"
7135,"竹灣豪園第三街","Rua Três dos Jardins de Cheoc Van"
7136,"龍爪角第一巷","Travessa Um de Long Chao Kok"
7137,"龍爪角第二巷","Travessa Dois de Long Chao Kok"
7138,"龍爪角第三巷","Travessa Três de Long Chao Kok"
7139,"衛星路","Caminho da Telesat"
7140,"和諧圓形地","Rotunda da Harmonia"
7141,"蓮花路","Estrada Flor de Lótus"
7142,"蓮花圓形地","Rotunda Flor de Lótus"
7143,"蓮花海濱大馬路","Avenida Marginal Flor de Lótus"
7144,"西堤馬路","Estrada do Dique Oeste"
7145,"西堤圓形地","Rotunda do Dique Oeste"
7148,"海濱圓形地","Rotunda Marginal"
7149,"路環電廠圓形地","Rotunda da Central Térmica de Coloane"
7150,"路環電廠街","Rua da Central Térmica de Coloane"
7151,"馬忌士前地","Largo Eduardo Marques"
7152,"船鋪巷","Travessa do Estaleiro"
7153,"竹灣石級","Escadaria da Praia de Cheoc Van"
7154,"裝罅圍","Pátio da Greta"
7155,"蝴蝶谷大馬路","Avenida de Vale das Borboletas"
7156,"和諧大馬路","Avenida da Harmonia"
7157,"和諧廣場","Alameda da Harmonia"
7158,"樂居大馬路","Avenida de Lok Koi"
7159,"業興大馬路","Avenida de Ip Heng"
7160,"柏樹街","Rua de Cipreste"
7161,"業興一街","Rua Um de Ip Heng"
7162,"業興二街","Rua Dois de Ip Heng"
7163,"業興三街","Rua Três de Ip Heng"
7164,"居雅一街","Rua Um de Koi Nga"
7165,"居雅二街","Rua Dois de Koi Nga"
7166,"石排灣廣場","Praceta de Seac Pai Van"
7167,"棕櫚圓形地","Rotunda das Palmeiras"
7168,"紫薇街","Rua da Flor de Merenda"
7169,"離島醫院大馬路","Avenida do Hospital das Ilhas"
7170,"仁德大馬路","Avenida da Benevolência"
7171,"博愛大馬路","Avenida da Fraternidade"
8064,"瑪利二世皇后眺望台","Miradouro de D. Maria II"
8065,"東望洋眺望台","Miradouro de Nossa Senhora da Guia"
8066,"西望洋聖母眺望台","Miradouro de Nossa Senhora da Penha"
8067,"保健聖母眺望台","Miradouro de Nossa Senhora da Saúde"
8068,"海之聖母眺望台","Miradouro de Nossa Senhora do Mar"
8069,"西望洋眺望台","Miradouro de Santa Sancha"
8088,"杜南眺望台","Miradouro de Henry Dunant"
8089,"主教山眺望台 ","Miradouro da Penha"
9001,"嘉樂庇總督大橋","Ponte Governador Nobre de Carvalho"
9002,"友誼大橋","Ponte da Amizade"
9004,"西灣大橋","Ponte de Sai Van"
9005,"蓮花大橋","Ponte Flor de Lótus"
